<?xml version="1.0" encoding="ISO-8859-1"?>

<!--

 boolean grammar

 This grammar accepts yes or no
 
 Keys returned:
     RESULT: concatenated digit string
     SWI_meaning is set to MEANING
-->

<grammar xml:lang="en-us" version="1.0" xmlns="http://www.w3.org/2001/06/grammar" root="_ROOT_">

    <meta name="swirec_simple_result_key" content="MEANING"/>

    <rule id="_ROOT_" scope="public">
    <one-of>
    <item>
      <ruleref uri="#vocab"/>
      <tag>SWI_meaning=vocab.SWI_meaning; 
      	   RESULT=SWI_meaning;
      	   MEANING=SWI_meaning;
      	   dm_root=SWI_meaning;
      	   	</tag>
    </item>
      </one-of>
    </rule>

	<rule id="vocab" scope="public">
      <one-of>
        <item>
          <tag>SWI_meaning='yes'; </tag>
            <one-of>
               <item> yes </item> 
               <item> yes i did </item> 
               <item> yes please </item>
               <item> yes i accept </item>
               <item> accept yes </item>
               <item> yes i do</item>
			   <item> yes i do and thank you </item> 
               <item> yes sir </item>
               <item> yes madam </item>
               <item> yes thank you </item>
               <item> yes <item repeat='0-1'>i </item> confirm </item>
               <item> yes yes </item>
               <item> yeah </item>
               <item> yep </item>
               <item> yup </item>
               <item> sure </item>
               <item> okay </item>
               <item> positive </item>
               <item> <item repeat='0-1'> that is </item> correct </item>
            </one-of>
	</item>

        <item>
          <tag>SWI_meaning='no'; </tag>
            <one-of>
            	<item> no
					<one-of>
						<item repeat='0-1'> thank you </item> 
						<item repeat='0-1'> way </item> 
						<item repeat='0-1'> sir </item> 
						<item repeat='0-1'> madam </item> 
						<item repeat='0-1'> i did not </item>
						<item repeat='0-1'> i didn't </item>
						<item repeat='0-1'> it is not </item>
						<item repeat='0-1'> it isn't </item>
					</one-of>
				</item>
               <item> 
					<one-of>
						<item repeat='0-1'> that is </item> 
						<item repeat='0-1'> it is </item> 
						<item repeat='0-1'> it's </item>
					    <item repeat='0-1'> you are </item>
					</one-of>
					incorrect 
				</item>
               <item> 
					<one-of>
						<item repeat='0-1'> that is </item> 
						<item repeat='0-1'> it is </item> 
						<item repeat='0-1'> it's </item>
						<item repeat='0-1'> you are </item>
					</one-of>
					wrong 
				</item>
               	<item> no no </item>
               	<item> nope </item>
				<item> naada </item>
				<item> not correct </item>
            </one-of>
        </item>
      </one-of>
    </rule>
</grammar>
