<?xml version="1.0" encoding="ISO-8859-1"?>

<!--

 boolean grammar

 This grammar accepts yes or no
 
 Keys returned:
     RESULT: concatenated digit string
     SWI_meaning is set to MEANING
-->

<grammar xml:lang="en-us" mode="dtmf" version="1.0" xmlns="http://www.w3.org/2001/06/grammar" root="_ROOT_">

    <meta name="swirec_simple_result_key" content="MEANING"/>

    <rule id="_ROOT_" scope="public">
    <one-of>
    <item>
      <ruleref uri="#vocab"/>
      <tag>SWI_meaning=vocab.SWI_meaning; 
      	   RESULT=SWI_meaning;
      	   MEANING=SWI_meaning;
      	   dm_root=SWI_meaning;
      	   	</tag>
    </item>
      </one-of>
    </rule>

    <rule id="vocab" scope="public">
      <one-of>
        <item> 1 <tag>SWI_meaning='yes'; </tag> </item>
        <item> 2 <tag>SWI_meaning='no'; </tag> </item>
      </one-of>
    </rule>
    
</grammar>
